{
  "1700087483.6131356": {
    "user_name": "rotion",
    "user_id": 314094103459528705,
    "claimed_ticks": [],
    "check_out": 1700087505.119923
  },
  "1700087515.6590674": {
    "user_name": "rotion",
    "user_id": 314094103459528705,
    "claimed_ticks": [],
    "check_out": 1700087523.0968168
  },
  "1700087532.1329563": {
    "user_name": "rotion",
    "user_id": 314094103459528705,
    "claimed_ticks": [],
    "check_out": 1700087592.6615143
  }
}